{"cameraMode":{"drawMode":0,"name":"Shaded","section":"Shading Mode"},"sceneLighting":true,"audioPlay":false,"sceneViewState":{"m_AlwaysRefresh":false,"showFog":true,"showSkybox":true,"showFlares":true,"showImageEffects":true,"showParticleSystems":true,"showVisualEffectGraphs":true,"m_FxEnabled":true},"in2DMode":false,"pivot":{"x":0.10731994360685349,"y":2.870755434036255,"z":16.28154182434082},"rotation":{"x":-0.4570000171661377,"y":-0.010912875644862652,"z":0.005678246729075909,"w":-0.8894931077957153},"size":3.7914915084838869,"orthographic":false}